title,url,source,published
"[V헬스] 여름휴가 피부 관리, 리프팅이나미백토닝 등 시술 전 후 주의...",https://www.vegannews.co.kr/news/article.html?no=176490,,
"일동생활건강, 퍼스트랩 '프로바이오틱 모이스처 선세럼' 출시",https://www.ziksir.com/news/articleView.html?idxno=94818,,
"로우퀘스트 뮤즈 김혜윤, 팬 100명과 만났다",https://www.meconomynews.com/news/articleView.html?idxno=115081,,
"로우퀘스트, 브랜드 뮤즈 배우 김혜윤 팬데이 성료",https://www.cstimes.com/news/articleView.html?idxno=653233,,
"[더벨][제놀루션 신사업 점검]미리 준비한 엔데믹 신사업, 준비된 '미용...",https://www.thebell.co.kr/free/content/ArticleView.asp?key=202506230847579720104256,,
"뷰티 브랜드 '포들', 시리즈 A 투자 35억 원 유치",https://www.hankyung.com/article/202506245252O,,
"김혜윤, 로우퀘스트 팬데이 성료…팬서비스도 '작은 거인'",https://www.slist.kr/news/articleView.html?idxno=654112,,
[패션&뷰티] 라엘·형지글로벌·아윌미백·예거 르쿨트르·골든듀·엑시...,https://www.newscj.com/news/articleView.html?idxno=3284979,,
LG생활건강 'LG 프라엘 수퍼폼 갈바닉 부스터' 출시,https://www.dailysportshankook.co.kr/news/articleView.html?idxno=408185,,
"LG생활건강, LG 프라엘 수퍼폼 갈바닉 부스터 출시",https://www.ngetnews.com/news/articleView.html?idxno=529384,,
"파뮤, 日 '상반기 립스 베스트 코스메 어워드' 3관왕",https://www.slist.kr/news/articleView.html?idxno=653998,,
"LG생활건강, 새로운 홈뷰티 디바이스 'LG 프라엘 수퍼폼 갈바닉 부스터...",https://www.aitimes.kr/news/articleView.html?idxno=35372,,
"LG생활건강, 'LG 프라엘 수퍼폼 갈바닉 부스터' 출시",https://www.ibabynews.com/news/articleView.html?idxno=134216,,
"LG생활건강, '프라엘 수퍼폼 갈바닉 부스터' 출시...뷰티테크 본격 시동",https://www.joongangenews.com/news/articleView.html?idxno=428446,,
"[피부과 시술 제대로 알기]개인별 피부 고민, 리프팅 레이저부터 골드P...",https://medicalworldnews.co.kr/news/view.php?idx=1510968317,,
"[건강 &] 춘천 쁘띠365의원, 아스트로돔페이셜 및 올튠 도입...예민 피부...",https://hobbyen-news.com/news/view/1065593674313534,,
"하나투어, 베트남 ‘사파’ 상품 강화…예약 333%↑外 LG생활건강·이랜...",https://www.kukinews.com/article/view/kuk202506230131,,
"LG생활건강, ‘LG 프라엘 수퍼폼 갈바닉 부스터’ 선보여",https://www.seoultimes.news/news/article.html?no=2000074560,,
"파뮤(FEMMUE), 일본 '2025 상반기 립스 베스트 코스메 어워드' 3관왕 수상",https://www.ibabynews.com/news/articleView.html?idxno=134195,,
"LG생활건강, ‘LG 프라엘 수퍼폼 갈바닉 부스터’ 출시",https://www.bigtanews.co.kr/article/view/big202506230012,,
가짜 화장품에 소비자도 유통업계도 '뒤통수'…이커머스 화장품 신뢰 추...,https://www.greened.kr/news/articleView.html?idxno=327914,,
[오늘의 유통일정] 23일(월),https://www.newscj.com/news/articleView.html?idxno=3284659,,
"LG생활건강, 홈뷰티 신제품 ‘프라엘 수퍼폼 갈바닉 부스터’ 출시",https://www.socialvalue.kr/news/view/1065587472129940,,
"아윌미백, 위뜨와 '애슬라이프 페스티벌' 참여",https://www.slist.kr/news/articleView.html?idxno=653909,,
"北서도 '설화수', '공진향' 등 한국 화장품 인기…국산은 외면",https://www.dailynk.com/20250623-3,,
"LG생활건강, 홈뷰티 디바이스 ‘수퍼폼 갈바닉 부스터’ 출시",https://www.fetv.co.kr/news/article.html?no=194780,,
"LG생활건강, 'LG 프라엘 수퍼폼 갈바닉 부스터' 출시",https://www.koreaittimes.com/news/articleView.html?idxno=142672,,
"브리올옴므, 23일부터 남성 화장품 '강세일' 특가 진행…최대 85%할인",https://www.job-post.co.kr/news/articleView.html?idxno=155645,,
"LG생활건강, ‘LG 프라엘 수퍼폼 갈바닉 부스터’ 출시",https://www.fetv.co.kr/news/article.html?no=194794,,
